i,loss,similarity
0,88.86480712890625,0.3867499828338623
10,87.40596008300781,0.37849998474121094
20,84.96954345703125,0.41474997997283936
30,83.52408599853516,0.41324999928474426
40,80.15802764892578,0.42475003004074097
50,74.23889923095703,0.44349998235702515
60,68.29542541503906,0.4712499976158142
70,61.746429443359375,0.5232500433921814
80,56.95679473876953,0.5740000009536743
90,57.2039909362793,0.5852499604225159
100,55.85783386230469,0.5862500071525574
110,55.81810760498047,0.5929999947547913
120,54.12395477294922,0.5740000605583191
130,55.3998908996582,0.5814999938011169
140,54.8812370300293,0.6000000238418579
150,50.256744384765625,0.5987500548362732
160,52.77242660522461,0.5835000276565552
170,56.870452880859375,0.6079999804496765
180,52.589088439941406,0.6102499961853027
190,53.371849060058594,0.5837500095367432
200,54.97818374633789,0.5742499828338623
210,52.435523986816406,0.5612499713897705
220,49.733943939208984,0.5795000195503235
230,52.368927001953125,0.5772500038146973
240,50.234100341796875,0.5737500190734863
250,50.05924606323242,0.5877499580383301
260,52.08278274536133,0.5889999866485596
270,51.58822250366211,0.5737500190734863
280,49.834407806396484,0.578999936580658
290,49.67755889892578,0.5687500238418579
300,49.82896041870117,0.5712500214576721
310,49.195133209228516,0.5725000500679016
320,47.8104248046875,0.5672500133514404
330,50.73104476928711,0.5665000081062317
340,49.87175750732422,0.5517500042915344
350,49.38328170776367,0.5770000219345093
360,52.279510498046875,0.565250039100647
370,48.69071960449219,0.531749963760376
380,48.48487854003906,0.5385000109672546
390,48.06180953979492,0.5255000591278076
400,48.041507720947266,0.5235000252723694
410,48.009742736816406,0.5257499814033508
420,49.16850280761719,0.5012500286102295
430,45.81997299194336,0.5295000076293945
440,48.53700637817383,0.5220000147819519
450,49.78315734863281,0.5404999256134033
460,49.220157623291016,0.5209999680519104
470,46.95310592651367,0.515999972820282
480,49.14215850830078,0.5077500343322754
490,48.1247673034668,0.4909999370574951
500,47.22737121582031,0.49900001287460327
510,48.48453903198242,0.49150002002716064
520,45.92696762084961,0.4834999740123749
530,47.78256607055664,0.5010000467300415
540,48.555023193359375,0.4752500057220459
550,49.176513671875,0.4855000376701355
560,48.456180572509766,0.4729999899864197
570,45.1443977355957,0.4749999940395355
580,45.6583137512207,0.4762499928474426
590,46.90044403076172,0.4567500352859497
600,47.47023010253906,0.45899999141693115
610,47.6781120300293,0.4625000059604645
620,44.071224212646484,0.4547499716281891
630,44.4468879699707,0.4684999883174896
640,46.37645721435547,0.45075005292892456
650,45.40727996826172,0.45725002884864807
660,45.036231994628906,0.4567500054836273
670,46.6466064453125,0.4425000250339508
680,44.086944580078125,0.46399998664855957
690,46.95022201538086,0.4332500100135803
700,45.946434020996094,0.4320000112056732
710,40.4677848815918,0.43574997782707214
720,48.172550201416016,0.43275001645088196
730,43.49458694458008,0.4297500252723694
740,45.802310943603516,0.4309999942779541
750,44.13471603393555,0.4247499704360962
760,44.12205123901367,0.4257500171661377
770,46.634735107421875,0.4169999659061432
780,46.88669967651367,0.43549996614456177
790,45.7359733581543,0.4284999966621399
800,44.70011520385742,0.4167500436306
810,45.47906494140625,0.4169999659061432
820,44.91709518432617,0.4192499816417694
830,44.31331253051758,0.42500001192092896
840,46.50749206542969,0.42750000953674316
850,43.04031753540039,0.4399999976158142
860,44.53511428833008,0.4259999990463257
870,46.048614501953125,0.4152500033378601
880,44.60266876220703,0.42124998569488525
890,46.2082405090332,0.4414999783039093
900,43.39296340942383,0.42350003123283386
910,38.62233352661133,0.4207500219345093
920,45.77217483520508,0.4114999771118164
930,43.3418083190918,0.4192499816417694
940,43.138916015625,0.40674999356269836
950,42.1884765625,0.4177500009536743
960,42.5035400390625,0.41850003600120544
970,44.36780548095703,0.4072500169277191
980,42.79273223876953,0.4112499952316284
990,42.20541000366211,0.40125003457069397
1000,42.66420364379883,0.39650002121925354
1010,44.192237854003906,0.39799994230270386
1020,42.07615661621094,0.4089999794960022
1030,40.036865234375,0.4102499783039093
1040,42.37958526611328,0.3830000162124634
1050,40.99855041503906,0.39899998903274536
1060,43.78129196166992,0.40950000286102295
1070,44.57184600830078,0.4052499830722809
1080,40.348419189453125,0.41725003719329834
1090,43.84455108642578,0.39774999022483826
1100,38.904632568359375,0.40474995970726013
1110,40.4417839050293,0.40800002217292786
1120,42.21525192260742,0.40675002336502075
1130,39.45933532714844,0.4020000100135803
1140,41.353729248046875,0.41449999809265137
1150,39.769798278808594,0.40049999952316284
1160,40.64897918701172,0.4142500162124634
1170,40.05317306518555,0.3949999511241913
1180,43.06527328491211,0.4099999964237213
1190,36.79790496826172,0.40424999594688416
1200,43.586734771728516,0.3904999792575836
1210,41.995147705078125,0.398000031709671
1220,39.74628448486328,0.3970000445842743
1230,43.53068161010742,0.37825000286102295
1240,40.41830062866211,0.41749998927116394
1250,39.70195007324219,0.39375004172325134
1260,37.540771484375,0.39899998903274536
1270,38.71294403076172,0.4114999771118164
1280,39.251121520996094,0.3882499933242798
1290,38.84310531616211,0.39375001192092896
1300,41.38282012939453,0.4099999964237213
1310,41.051666259765625,0.40149998664855957
1320,40.08026123046875,0.39125001430511475
1330,44.263553619384766,0.4132499694824219
1340,41.49357604980469,0.3907500207424164
1350,42.18273162841797,0.4037500023841858
1360,40.22055435180664,0.3867499828338623
1370,39.322689056396484,0.4010000228881836
1380,38.843727111816406,0.39500001072883606
1390,37.22203063964844,0.40450000762939453
1400,41.77623748779297,0.4074999988079071
1410,37.89474105834961,0.4037500023841858
1420,37.28737258911133,0.38449999690055847
1430,37.232879638671875,0.4092499911785126
1440,40.18346405029297,0.38999998569488525
1450,37.09302520751953,0.4020000100135803
1460,37.702239990234375,0.3942500054836273
1470,40.792457580566406,0.40549999475479126
1480,36.88606262207031,0.39650002121925354
1490,36.39225769042969,0.39525002241134644
1500,37.706233978271484,0.4114999771118164
1510,38.62989807128906,0.40949997305870056
1520,40.90376663208008,0.41050001978874207
1530,39.44630813598633,0.40525001287460327
1540,38.620147705078125,0.40174996852874756
1550,40.62120056152344,0.4132499694824219
1560,37.75358200073242,0.4059999883174896
1570,38.13666534423828,0.41099998354911804
1580,38.12339401245117,0.4047499895095825
1590,37.39699172973633,0.40174999833106995
1600,37.39996337890625,0.4090000092983246
1610,42.28681564331055,0.42249995470046997
1620,34.293121337890625,0.38999998569488525
1630,37.14875793457031,0.41124996542930603
1640,38.089786529541016,0.4012500047683716
1650,39.53572082519531,0.40925002098083496
1660,38.36488723754883,0.40825000405311584
1670,37.81087112426758,0.4050000011920929
1680,37.08190155029297,0.40299999713897705
1690,37.356754302978516,0.4022499918937683
1700,35.12689971923828,0.4090000092983246
1710,39.5018424987793,0.40150001645088196
1720,34.86954879760742,0.4032500088214874
1730,36.42401885986328,0.39274996519088745
1740,36.39763641357422,0.4037500023841858
1750,34.667057037353516,0.39500001072883606
1760,38.92811584472656,0.4020000100135803
1770,37.55289840698242,0.40625
1780,33.69984817504883,0.4129999876022339
1790,37.761810302734375,0.4137499928474426
1800,38.36181640625,0.40724998712539673
1810,37.13542175292969,0.4039999842643738
1820,36.96797561645508,0.4065000116825104
1830,34.068355560302734,0.40199998021125793
1840,34.881935119628906,0.406000018119812
1850,35.70813751220703,0.3824999928474426
1860,35.694000244140625,0.3934999704360962
1870,36.50843811035156,0.39125001430511475
1880,36.44160079956055,0.38624998927116394
1890,33.459999084472656,0.4152499735355377
1900,36.29621124267578,0.38999995589256287
1910,36.13399124145508,0.40849998593330383
1920,34.55681610107422,0.40625
1930,36.98481369018555,0.4022499918937683
1940,37.32014465332031,0.4047499895095825
1950,35.2385139465332,0.41850003600120544
1960,35.35017013549805,0.43300002813339233
1970,37.693511962890625,0.42899999022483826
1980,34.67910385131836,0.41574999690055847
1990,33.49666213989258,0.4312500059604645
2000,33.39036560058594,0.4074999690055847
2010,35.38988494873047,0.43025001883506775
2020,36.24394226074219,0.42924994230270386
2030,33.40498733520508,0.41225001215934753
2040,33.62784194946289,0.4182499647140503
2050,37.57453155517578,0.4127499759197235
2060,35.61991882324219,0.07100000232458115
2070,37.80106735229492,0.42774999141693115
2080,31.67963218688965,0.421500027179718
2090,34.81342315673828,0.4192499816417694
2100,34.78650665283203,0.3617500066757202
2110,34.98992919921875,0.41899996995925903
2120,32.009830474853516,0.4025000035762787
2130,31.35674476623535,0.41324999928474426
2140,32.45651626586914,0.4207500219345093
2150,35.540584564208984,0.07125000655651093
2160,35.39017868041992,0.43400001525878906
2170,33.75130081176758,0.40424999594688416
2180,31.8384952545166,0.40674999356269836
2190,31.633291244506836,0.39899998903274536
2200,33.73455810546875,0.4072500169277191
2210,34.76301956176758,0.3815000057220459
2220,34.93882369995117,0.125
2230,33.14694595336914,0.39274996519088745
2240,33.45381164550781,0.40700000524520874
2250,35.01105499267578,0.07074999809265137
2260,33.988834381103516,0.43449997901916504
2270,34.30427551269531,0.41624999046325684
2280,31.160818099975586,0.40849998593330383
2290,35.6744270324707,0.41324999928474426
2300,33.96845245361328,0.06475000083446503
2310,33.73966598510742,0.44699999690055847
2320,34.05373001098633,0.40424999594688416
2330,30.091373443603516,0.3890000283718109
2340,33.43290328979492,0.4024999737739563
2350,33.175750732421875,0.40450000762939453
2360,33.09116744995117,0.39625000953674316
2370,33.04050064086914,0.4154999852180481
2380,31.683122634887695,0.39500001072883606
2390,32.78422546386719,0.41850003600120544
2400,32.4630012512207,0.39649999141693115
2410,32.33460235595703,0.40700000524520874
2420,33.69642639160156,0.4124999940395355
2430,32.05918884277344,0.44599997997283936
2440,35.16850662231445,0.40824997425079346
2450,34.30698776245117,0.08525000512599945
2460,31.36985206604004,0.41324999928474426
2470,32.746192932128906,0.06475000083446503
2480,34.100528717041016,0.43299999833106995
2490,34.82716751098633,0.4142500162124634
2500,32.824745178222656,0.06724999099969864
2510,35.672515869140625,0.06975000351667404
2520,33.21509552001953,0.06450000405311584
2530,33.758575439453125,0.061500005424022675
2540,32.35143280029297,0.0690000057220459
2550,37.2923469543457,0.06475000083446503
2560,31.840970993041992,0.06875000149011612
2570,31.9405460357666,0.06075000390410423
2580,30.78973388671875,0.06925000250339508
2590,32.7532958984375,0.42549994587898254
2600,33.576393127441406,0.06325000524520874
2610,32.68944549560547,0.06175000220537186
2620,29.634550094604492,0.4429999887943268
2630,35.04470443725586,0.06925000250339508
2640,30.06976890563965,0.43699997663497925
2650,34.75655746459961,0.07050000131130219
2660,33.01642990112305,0.05849999934434891
2670,30.714920043945312,0.4469999670982361
2680,33.01341247558594,0.06300000101327896
2690,32.84556198120117,0.06449999660253525
2700,30.689525604248047,0.07225000113248825
2710,30.996192932128906,0.06575000286102295
2720,33.75684356689453,0.0677500069141388
2730,30.08026123046875,0.0637499988079071
2740,34.44438934326172,0.45949995517730713
2750,31.486263275146484,0.0677499994635582
2760,32.90028381347656,0.07225000113248825
2770,33.58701705932617,0.06700000166893005
2780,34.2638053894043,0.06674999743700027
2790,34.19588088989258,0.06875000149011612
2800,32.66173553466797,0.0637499988079071
2810,32.74532699584961,0.06574999541044235
2820,32.620906829833984,0.06175000220537186
2830,29.551340103149414,0.07125000655651093
2840,32.295127868652344,0.07325000315904617
2850,31.346281051635742,0.06575000286102295
2860,31.9209041595459,0.06149999797344208
2870,33.41248321533203,0.06024999916553497
2880,32.49269104003906,0.061000000685453415
2890,31.925315856933594,0.06324999034404755
2900,29.463436126708984,0.06199999898672104
2910,34.33976745605469,0.06449999660253525
2920,32.60907745361328,0.06949999928474426
2930,30.74302101135254,0.06100000441074371
2940,30.193283081054688,0.06574999541044235
2950,30.570552825927734,0.061500005424022675
2960,32.572509765625,0.07125000655651093
2970,32.70757293701172,0.06675000488758087
2980,32.084747314453125,0.06674999743700027
2990,31.337736129760742,0.0650000050663948
3000,31.173002243041992,0.06849999725818634
3010,31.84622573852539,0.06825000047683716
3020,30.519577026367188,0.06850000470876694
3030,33.468605041503906,0.06624999642372131
3040,33.19612503051758,0.06650000065565109
3050,30.162586212158203,0.06724999845027924
3060,29.991416931152344,0.061000000685453415
3070,31.591575622558594,0.06525000184774399
3080,32.0163688659668,0.06700000166893005
3090,28.909528732299805,0.06700000166893005
3100,29.98781967163086,0.0625
3110,32.37409973144531,0.0625
3120,30.586898803710938,0.06925000995397568
3130,31.965837478637695,0.06350000202655792
3140,29.249881744384766,0.06925000250339508
3150,31.872482299804688,0.05900000035762787
3160,31.84467124938965,0.06175000220537186
3170,31.593994140625,0.0677500069141388
3180,29.160892486572266,0.06449999660253525
3190,33.91706466674805,0.06325000524520874
3200,31.277620315551758,0.060499995946884155
3210,30.97622299194336,0.06599999964237213
3220,29.640268325805664,0.06275000423192978
3230,30.7298641204834,0.06625000387430191
3240,32.16688919067383,0.06675000488758087
3250,29.858047485351562,0.06175000220537186
3260,32.534122467041016,0.06050000339746475
3270,30.394569396972656,0.061250001192092896
3280,29.40415382385254,0.0689999982714653
3290,31.169795989990234,0.06324999779462814
3300,30.4017276763916,0.06599999964237213
3310,31.21474266052246,0.0689999982714653
3320,29.281293869018555,0.06800000369548798
3330,31.14984130859375,0.07000000774860382
3340,30.657987594604492,0.06650000810623169
3350,30.774953842163086,0.06575000286102295
3360,28.466617584228516,0.06750000268220901
3370,30.48044204711914,0.06400000303983688
3380,30.70973777770996,0.06449999660253525
3390,29.259492874145508,0.06350000947713852
3400,30.12826156616211,0.06524999439716339
3410,29.10732078552246,0.06700000166893005
3420,27.046892166137695,0.06424999982118607
3430,30.286964416503906,0.06450000405311584
3440,27.959211349487305,0.06799999624490738
3450,31.78799819946289,0.0689999982714653
3460,30.44052505493164,0.06024999916553497
3470,31.590320587158203,0.06300000101327896
3480,30.071096420288086,0.061500001698732376
3490,30.580129623413086,0.06850000470876694
3500,31.308454513549805,0.06450000405311584
3510,30.23892593383789,0.06450000405311584
3520,31.67195701599121,0.06100000441074371
3530,32.52918243408203,0.06800000369548798
3540,29.872425079345703,0.06925000250339508
3550,26.862382888793945,0.06175000220537186
3560,30.56351661682129,0.0625000074505806
3570,29.196353912353516,0.06800000369548798
3580,31.91532325744629,0.06575000286102295
3590,29.11326026916504,0.07124999910593033
3600,28.921463012695312,0.06574999541044235
3610,29.423269271850586,0.06725000590085983
3620,31.5570125579834,0.06100000441074371
3630,31.935413360595703,0.06675000488758087
3640,30.21188735961914,0.06700000166893005
3650,28.913963317871094,0.06499999761581421
3660,27.8984432220459,0.06174999848008156
3670,29.733776092529297,0.06700000911951065
3680,30.667407989501953,0.061250001192092896
3690,30.991439819335938,0.06624999642372131
3700,30.25747299194336,0.06450000405311584
3710,29.53645896911621,0.06050000339746475
3720,30.034175872802734,0.06825000047683716
3730,29.06328773498535,0.0612499937415123
3740,28.360305786132812,0.06300000101327896
3750,28.894094467163086,0.06624999642372131
3760,28.073596954345703,0.05849999934434891
3770,30.307138442993164,0.05824999883770943
3780,30.036489486694336,0.06350000202655792
3790,26.443065643310547,0.06000000610947609
3800,31.448612213134766,0.06350000202655792
3810,29.27474021911621,0.06475000083446503
3820,30.27141761779785,0.05949999764561653
3830,31.396451950073242,0.06724999845027924
3840,29.614397048950195,0.05700000748038292
3850,29.273164749145508,0.06525000184774399
3860,28.057024002075195,0.057500001043081284
3870,29.82242774963379,0.06199999898672104
3880,30.2419490814209,0.06350000202655792
3890,29.55499839782715,0.06025000661611557
3900,29.17721939086914,0.06324999779462814
3910,29.1273250579834,0.06525000184774399
3920,28.81203842163086,0.06224999949336052
3930,30.811767578125,0.06400000303983688
3940,29.74678611755371,0.06324999779462814
3950,30.019973754882812,0.06175000220537186
3960,27.497657775878906,0.0625
3970,29.30000877380371,0.06324999779462814
3980,30.115234375,0.06325000524520874
3990,30.692672729492188,0.06300000846385956
4000,30.168216705322266,0.06449999660253525
4010,29.527843475341797,0.06275000423192978
4020,27.805126190185547,0.06525000184774399
4030,28.553207397460938,0.05775000527501106
4040,28.81875991821289,0.05675000324845314
4050,28.247596740722656,0.06350000202655792
4060,29.453197479248047,0.06350000202655792
4070,28.559579849243164,0.05650000274181366
4080,28.572574615478516,0.06450000405311584
4090,28.412471771240234,0.06650000810623169
4100,29.155818939208984,0.06075000390410423
4110,29.68869972229004,0.05649999529123306
4120,27.849681854248047,0.05974999815225601
4130,28.00986099243164,0.06400000303983688
4140,28.46109390258789,0.06425000727176666
4150,28.621931076049805,0.06300000101327896
4160,28.86264991760254,0.06849999725818634
4170,29.004465103149414,0.061250004917383194
4180,27.21665382385254,0.0637499988079071
4190,29.327043533325195,0.06450000405311584
4200,30.848005294799805,0.06324999779462814
4210,28.718570709228516,0.06100000441074371
4220,28.67482566833496,0.06149999797344208
4230,28.64447021484375,0.06050000712275505
4240,27.589365005493164,0.0664999932050705
4250,28.361961364746094,0.05624999850988388
4260,27.079952239990234,0.06475000083446503
4270,28.033720016479492,0.06625001132488251
4280,28.935537338256836,0.06525000184774399
4290,28.84218978881836,0.07249999791383743
4300,28.932601928710938,0.0650000050663948
4310,29.114961624145508,0.06149999797344208
4320,29.5439395904541,0.06199999898672104
4330,28.298072814941406,0.06324999779462814
4340,30.248140335083008,0.06224999949336052
4350,26.658374786376953,0.070250004529953
4360,28.695039749145508,0.06424999982118607
4370,26.400983810424805,0.06499999761581421
4380,27.760515213012695,0.05925000086426735
4390,29.193941116333008,0.05900000408291817
4400,29.591012954711914,0.06100000441074371
4410,25.71921730041504,0.06475000083446503
4420,27.84292221069336,0.0650000050663948
4430,26.1226806640625,0.0677499994635582
4440,27.668439865112305,0.06750000268220901
4450,29.7762508392334,0.06299999356269836
4460,29.105052947998047,0.06299999356269836
4470,29.760526657104492,0.06875000149011612
4480,29.793079376220703,0.06549999862909317
4490,27.263334274291992,0.06700000166893005
4500,26.34395980834961,0.06424999982118607
4510,28.2414608001709,0.06975000351667404
4520,29.3988037109375,0.06700000166893005
4530,28.586992263793945,0.06499999761581421
4540,27.366994857788086,0.061500001698732376
4550,26.928659439086914,0.06350000202655792
4560,28.007307052612305,0.06800000369548798
4570,27.320030212402344,0.06350000202655792
4580,28.018522262573242,0.060749996453523636
4590,28.224809646606445,0.06299999356269836
4600,26.189414978027344,0.0637499988079071
4610,27.212913513183594,0.05899999663233757
4620,27.672677993774414,0.06274999678134918
4630,27.62575912475586,0.0572500005364418
4640,28.106069564819336,0.06325000524520874
4650,30.069902420043945,0.059999994933605194
4660,27.807321548461914,0.06425000727176666
4670,27.27975845336914,0.06475000083446503
4680,26.862960815429688,0.06675000488758087
4690,27.89101791381836,0.06825000047683716
4700,27.205305099487305,0.061250001192092896
4710,28.78903579711914,0.06424999982118607
4720,28.058443069458008,0.06574999541044235
4730,28.139087677001953,0.06549999862909317
4740,28.45151138305664,0.0625
4750,26.965604782104492,0.06974999606609344
4760,26.87848472595215,0.06350000202655792
4770,28.64645767211914,0.06575000286102295
4780,27.95406723022461,0.07000000029802322
4790,26.510690689086914,0.06475000083446503
4800,28.43745994567871,0.06050000339746475
4810,28.093856811523438,0.07124999910593033
4820,27.4821834564209,0.0690000057220459
4830,28.541654586791992,0.06274999678134918
4840,28.730968475341797,0.0637499988079071
4850,27.4865779876709,0.06700000166893005
4860,28.00982666015625,0.06449999660253525
4870,29.457584381103516,0.06400000303983688
4880,23.981454849243164,0.0677499994635582
4890,27.88225746154785,0.06424999982118607
4900,27.279788970947266,0.06625000387430191
4910,27.26156234741211,0.059999994933605194
4920,25.957096099853516,0.06175000220537186
4930,28.1480712890625,0.06475000083446503
4940,26.434831619262695,0.06199999898672104
4950,27.32634925842285,0.0637500062584877
4960,26.9822940826416,0.06825000792741776
4970,26.90667724609375,0.06324999779462814
4980,29.65706443786621,0.06549999862909317
4990,28.570833206176758,0.055250003933906555
5000,28.275901794433594,0.06599999964237213
5010,29.488447189331055,0.061750005930662155
5020,28.097042083740234,0.0689999982714653
5030,28.7822265625,0.06600000709295273
5040,26.8647403717041,0.06225000321865082
5050,28.744646072387695,0.06674999743700027
5060,29.179458618164062,0.06225000321865082
5070,28.902645111083984,0.06424999982118607
5080,29.981740951538086,0.06600000709295273
5090,27.58852195739746,0.07100000232458115
5100,26.05678367614746,0.06224999949336052
5110,25.78439712524414,0.06024999916553497
5120,28.371109008789062,0.06450000405311584
5130,27.207059860229492,0.06675000488758087
5140,28.116071701049805,0.0625000074505806
5150,26.371944427490234,0.05974999815225601
5160,26.786949157714844,0.06549999862909317
5170,26.233369827270508,0.0650000050663948
5180,29.1414794921875,0.0677499994635582
5190,28.521745681762695,0.057749997824430466
5200,26.9726505279541,0.05950000137090683
5210,26.358896255493164,0.05824999883770943
5220,26.716012954711914,0.0664999932050705
5230,25.171939849853516,0.06050000712275505
5240,26.847341537475586,0.06499999761581421
5250,25.411880493164062,0.06875000149011612
5260,27.278919219970703,0.06299999356269836
5270,28.61385726928711,0.06475000083446503
5280,26.564664840698242,0.06875000149011612
5290,27.1530704498291,0.06624999642372131
5300,27.261945724487305,0.06550000607967377
5310,27.430091857910156,0.0650000050663948
5320,26.787208557128906,0.0637499988079071
5330,25.915861129760742,0.06424999982118607
5340,25.706214904785156,0.05874999985098839
5350,26.676443099975586,0.06400000303983688
5360,28.04793357849121,0.06675000488758087
5370,26.441062927246094,0.06274999678134918
5380,30.391061782836914,0.06799999624490738
5390,26.918550491333008,0.05924999713897705
5400,25.460304260253906,0.06149999797344208
5410,27.323129653930664,0.05974999815225601
5420,28.728376388549805,0.07075000554323196
5430,28.567365646362305,0.061750005930662155
5440,30.215526580810547,0.06575000286102295
5450,26.342403411865234,0.07249999791383743
5460,26.841293334960938,0.06200000271201134
5470,26.418874740600586,0.06075000390410423
5480,26.685245513916016,0.06324999779462814
5490,25.077049255371094,0.06499999761581421
5500,26.610824584960938,0.06449999660253525
5510,26.616559982299805,0.06925000250339508
5520,27.28835105895996,0.06599999964237213
5530,27.20993995666504,0.060749996453523636
5540,26.88655662536621,0.0650000050663948
5550,27.202674865722656,0.06499999761581421
5560,26.939613342285156,0.06325000524520874
5570,26.37186622619629,0.061750005930662155
5580,26.9965763092041,0.06650000065565109
5590,27.438459396362305,0.06075000390410423
5600,27.315013885498047,0.0637499988079071
5610,26.762189865112305,0.05900000408291817
5620,28.3275203704834,0.06499999761581421
5630,24.50724220275879,0.06024999916553497
5640,26.33725357055664,0.06875000149011612
5650,26.39493751525879,0.06350000202655792
5660,27.700881958007812,0.06725000590085983
5670,26.1993465423584,0.058000002056360245
5680,27.410728454589844,0.061500001698732376
5690,28.374080657958984,0.06475000083446503
5700,25.431312561035156,0.06325000524520874
5710,24.238069534301758,0.06525000929832458
5720,26.009111404418945,0.06325000524520874
5730,27.653942108154297,0.05925000086426735
5740,26.657344818115234,0.06199999898672104
5750,25.172435760498047,0.06325000524520874
5760,27.0277042388916,0.06875000149011612
5770,25.5810489654541,0.06350000202655792
5780,28.025461196899414,0.06549999862909317
5790,25.033889770507812,0.06675000488758087
5800,26.278392791748047,0.06225000321865082
5810,28.381370544433594,0.06300000101327896
5820,24.718921661376953,0.06000000610947609
5830,27.512317657470703,0.0637499988079071
5840,26.29058837890625,0.06674999743700027
5850,28.822233200073242,0.061750005930662155
5860,25.429752349853516,0.06475000083446503
5870,26.10927963256836,0.06600000709295273
5880,28.170988082885742,0.06674999743700027
5890,25.31818199157715,0.06325000524520874
5900,27.100997924804688,0.06725000590085983
5910,26.2885799407959,0.06424999982118607
5920,28.00181007385254,0.06875000149011612
5930,28.234859466552734,0.06725000590085983
5940,24.90328025817871,0.0625000074505806
5950,26.05513572692871,0.06675000488758087
5960,24.611461639404297,0.06600000709295273
5970,27.099891662597656,0.06225000321865082
5980,25.2821044921875,0.06650000065565109
5990,25.120670318603516,0.06825000047683716
6000,27.153059005737305,0.05999999865889549
6010,26.140247344970703,0.06975000351667404
6020,25.300615310668945,0.06499999761581421
6030,27.019615173339844,0.06350000202655792
6040,24.10116195678711,0.06800000369548798
6050,28.119075775146484,0.06224999576807022
6060,26.198232650756836,0.06825000047683716
6070,25.432796478271484,0.06525000184774399
6080,25.15511703491211,0.06600000709295273
6090,23.982833862304688,0.06624999642372131
6100,26.998058319091797,0.06499999761581421
6110,26.832138061523438,0.07074999809265137
6120,23.17316246032715,0.06274999678134918
6130,27.43808364868164,0.070250004529953
6140,26.075504302978516,0.06750000268220901
6150,24.78183364868164,0.06549999862909317
6160,26.53554916381836,0.06399999558925629
6170,26.01102638244629,0.06499999761581421
6180,24.516613006591797,0.06625000387430191
6190,24.0282039642334,0.06825000047683716
6200,23.998037338256836,0.0625000074505806
6210,27.05228042602539,0.06675000488758087
6220,25.231904983520508,0.06949999928474426
6230,23.419857025146484,0.07125000655651093
6240,23.65457534790039,0.06350000202655792
6250,26.071022033691406,0.06325000524520874
6260,25.478702545166016,0.06275000423192978
6270,26.775474548339844,0.06325000524520874
6280,27.10066795349121,0.06624999642372131
6290,26.716251373291016,0.06750000268220901
6300,24.666465759277344,0.0664999932050705
6310,26.101388931274414,0.06800000369548798
6320,26.129959106445312,0.06549999862909317
6330,26.224172592163086,0.06925000250339508
6340,26.604970932006836,0.06850000470876694
6350,24.957490921020508,0.06725000590085983
6360,25.72090721130371,0.06475000083446503
6370,25.5768985748291,0.06475000083446503
6380,25.09244155883789,0.06350000202655792
6390,27.539939880371094,0.06549999862909317
6400,25.303659439086914,0.06799999624490738
6410,26.99407386779785,0.06725000590085983
6420,27.8621768951416,0.06525000184774399
6430,26.526578903198242,0.06624999642372131
6440,27.510807037353516,0.0637499988079071
6450,25.77480125427246,0.06524999439716339
6460,28.893465042114258,0.06275000423192978
6470,26.13140296936035,0.06450000405311584
6480,25.966800689697266,0.06725000590085983
6490,24.986461639404297,0.06724999845027924
6500,25.118091583251953,0.06624999642372131
6510,24.453840255737305,0.06625000387430191
6520,23.825754165649414,0.06549999862909317
6530,25.80613136291504,0.06424999982118607
6540,25.561689376831055,0.0637500062584877
6550,25.6146240234375,0.07075000554323196
6560,24.827241897583008,0.0625
6570,25.200340270996094,0.06800000369548798
6580,27.791271209716797,0.06399999558925629
6590,24.36492347717285,0.06850000470876694
6600,25.080692291259766,0.06400000303983688
6610,25.178817749023438,0.06600000709295273
6620,25.74033546447754,0.06325000524520874
6630,25.13882827758789,0.061250004917383194
6640,24.224008560180664,0.06575001031160355
6650,24.07572364807129,0.06199999898672104
6660,23.516952514648438,0.0677499994635582
6670,24.115642547607422,0.0650000050663948
6680,23.99658203125,0.0637499988079071
6690,25.16433334350586,0.06400000303983688
6700,25.5738525390625,0.06599999219179153
6710,25.612071990966797,0.06675000488758087
6720,25.64947509765625,0.06575001031160355
6730,25.838083267211914,0.06949999928474426
6740,24.99936294555664,0.06399999558925629
6750,25.704715728759766,0.06225000321865082
6760,24.867870330810547,0.0637499988079071
6770,28.369998931884766,0.0625000074505806
6780,25.2431640625,0.06475000083446503
6790,24.823129653930664,0.06525000184774399
6800,26.62139320373535,0.060249995440244675
6810,24.808866500854492,0.06175000220537186
6820,27.724227905273438,0.06674999743700027
6830,25.667314529418945,0.06224999576807022
6840,25.23915672302246,0.06849999725818634
6850,24.86746597290039,0.061500001698732376
6860,25.710763931274414,0.07149998843669891
6870,24.898054122924805,0.07100000232458115
6880,25.19809341430664,0.0625000074505806
6890,26.441068649291992,0.06875000149011612
6900,25.557607650756836,0.06475000083446503
6910,25.931838989257812,0.06525000184774399
6920,25.819351196289062,0.06949999928474426
6930,26.168312072753906,0.06450000405311584
6940,26.802845001220703,0.06475000083446503
6950,25.22737693786621,0.06574999541044235
6960,25.91229248046875,0.06524999439716339
6970,24.861373901367188,0.06274999678134918
6980,24.627578735351562,0.06750000268220901
6990,26.661792755126953,0.06275000423192978
7000,24.900402069091797,0.0690000057220459
7010,25.948434829711914,0.06550000607967377
7020,26.274606704711914,0.0664999932050705
7030,25.59000587463379,0.06324999779462814
7040,23.843544006347656,0.06574999541044235
7050,25.9724178314209,0.0637500062584877
7060,24.74224853515625,0.06675000488758087
7070,27.206398010253906,0.06625000387430191
7080,27.152572631835938,0.06625000387430191
7090,26.731300354003906,0.06549999862909317
7100,24.89727783203125,0.06949999928474426
7110,25.210092544555664,0.06525000184774399
7120,23.834455490112305,0.06525000184774399
7130,24.00827407836914,0.06175000220537186
7140,23.854164123535156,0.06325000524520874
7150,24.529279708862305,0.061250001192092896
7160,24.54568099975586,0.06399999558925629
7170,25.366199493408203,0.06424999982118607
7180,27.07583999633789,0.06449999660253525
7190,26.124135971069336,0.0677499994635582
7200,22.65773582458496,0.06050000339746475
7210,27.259109497070312,0.06750000268220901
7220,24.901704788208008,0.06650000065565109
7230,26.0025577545166,0.06299999356269836
7240,26.299972534179688,0.06799999624490738
7250,27.583751678466797,0.0625
7260,25.160329818725586,0.0637499988079071
7270,26.281288146972656,0.06725000590085983
7280,23.731660842895508,0.06825000047683716
7290,22.85030746459961,0.06400000303983688
7300,24.221248626708984,0.06400000303983688
7310,26.2050838470459,0.06700000166893005
7320,24.95174789428711,0.06749999523162842
7330,24.67069435119629,0.06475000083446503
7340,24.6112060546875,0.06575000286102295
7350,22.535953521728516,0.06350000202655792
7360,25.900678634643555,0.058250002562999725
7370,22.583560943603516,0.06475000828504562
7380,24.913246154785156,0.06199999898672104
7390,27.209943771362305,0.06949999928474426
7400,23.82364845275879,0.06574999541044235
7410,26.989267349243164,0.07275000214576721
7420,25.336442947387695,0.06700000166893005
7430,25.48934555053711,0.06524999439716339
7440,24.925949096679688,0.06624999642372131
7450,23.00584602355957,0.07075000554323196
7460,24.290958404541016,0.06425000727176666
7470,24.24209976196289,0.06424999982118607
7480,26.138410568237305,0.06499999761581421
7490,24.181230545043945,0.0677499994635582
7500,24.44822120666504,0.06924999505281448
7510,24.740615844726562,0.07100000232458115
7520,22.991384506225586,0.06274999678134918
7530,23.194618225097656,0.06849999725818634
7540,23.614255905151367,0.06450000405311584
7550,25.677345275878906,0.06100000441074371
7560,26.402151107788086,0.0637499988079071
7570,24.834848403930664,0.06574999541044235
7580,26.75856590270996,0.06400000303983688
7590,24.34408187866211,0.06525000929832458
7600,26.865957260131836,0.06424999982118607
7610,24.35958480834961,0.07050000131130219
7620,23.27091407775879,0.06525000929832458
7630,24.90570640563965,0.06449999660253525
7640,23.508041381835938,0.0677499994635582
7650,23.425704956054688,0.0625
7660,25.006149291992188,0.0625000074505806
7670,24.92206382751465,0.06800000369548798
7680,24.565601348876953,0.06475000083446503
7690,23.369247436523438,0.06175000220537186
7700,24.2116756439209,0.06324999779462814
7710,24.09329605102539,0.06624999642372131
7720,23.28518295288086,0.06600000709295273
7730,24.209325790405273,0.0625
7740,24.63582420349121,0.06700000166893005
7750,24.946138381958008,0.06449999660253525
7760,23.160160064697266,0.06575000286102295
7770,26.743762969970703,0.06475000083446503
7780,25.88877296447754,0.07050000876188278
7790,23.478551864624023,0.06925000250339508
7800,25.55584716796875,0.0637500062584877
7810,25.477100372314453,0.06549999117851257
7820,23.293466567993164,0.06275000423192978
7830,23.599924087524414,0.06499999761581421
7840,25.281349182128906,0.06750000268220901
7850,25.377506256103516,0.06549999862909317
7860,24.276363372802734,0.07000000029802322
7870,25.855497360229492,0.06300000101327896
7880,23.300607681274414,0.06700000166893005
7890,24.739591598510742,0.06800000369548798
7900,21.800779342651367,0.06599999964237213
7910,23.529285430908203,0.06449999660253525
7920,23.141773223876953,0.06324999779462814
7930,24.735244750976562,0.06449999660253525
7940,21.814208984375,0.06549999862909317
7950,22.51070213317871,0.06224999949336052
7960,24.037193298339844,0.06499999761581421
7970,26.083688735961914,0.06724999845027924
7980,25.242704391479492,0.06549999862909317
7990,23.183345794677734,0.06624999642372131
8000,24.3421688079834,0.06524999439716339
8010,25.782630920410156,0.06699999421834946
8020,24.773426055908203,0.06650000065565109
8030,23.505014419555664,0.06424999982118607
8040,25.732505798339844,0.06875000149011612
8050,23.793167114257812,0.06274999678134918
8060,24.5556583404541,0.06499999761581421
8070,25.32590675354004,0.06499999761581421
8080,24.18449592590332,0.06225000321865082
8090,24.373605728149414,0.0677499994635582
8100,24.626394271850586,0.06424999982118607
8110,23.209501266479492,0.06925000250339508
8120,23.78348159790039,0.06300000101327896
8130,23.159725189208984,0.06599999964237213
8140,24.251174926757812,0.06275000423192978
8150,25.044742584228516,0.06525000929832458
8160,25.203914642333984,0.06675000488758087
8170,25.87869644165039,0.06724999845027924
8180,24.738731384277344,0.06825000047683716
8190,23.522836685180664,0.0689999982714653
8200,24.84332275390625,0.06525000929832458
8210,25.391035079956055,0.06875000149011612
8220,25.93866539001465,0.061500001698732376
8230,23.962547302246094,0.06325000524520874
8240,22.53326988220215,0.0677499994635582
8250,24.888662338256836,0.07175000011920929
8260,26.480770111083984,0.06424999982118607
8270,23.93906593322754,0.07099999487400055
8280,24.399497985839844,0.06725000590085983
8290,22.127883911132812,0.06599999964237213
8300,24.258657455444336,0.06924999505281448
8310,25.924732208251953,0.06700000166893005
8320,23.374528884887695,0.06400000303983688
8330,24.553598403930664,0.0559999980032444
8340,24.259613037109375,0.06299999356269836
8350,25.32754135131836,0.06450000405311584
8360,22.612285614013672,0.06825000047683716
8370,23.989221572875977,0.06599999964237213
8380,24.136089324951172,0.06549999862909317
8390,21.25296401977539,0.06324999779462814
8400,26.977046966552734,0.06974999606609344
8410,24.553194046020508,0.06275000423192978
8420,23.295047760009766,0.05900000408291817
8430,23.353504180908203,0.06650000065565109
8440,24.291908264160156,0.06175000220537186
8450,24.156869888305664,0.06400000303983688
8460,24.39666748046875,0.06599999964237213
8470,23.82892417907715,0.06925000995397568
8480,23.17569923400879,0.06650000810623169
8490,24.26531410217285,0.06525000184774399
8500,25.603572845458984,0.07175000011920929
8510,22.60490608215332,0.06700000166893005
8520,23.544708251953125,0.05625000596046448
8530,24.2855281829834,0.06475000083446503
8540,23.27994155883789,0.06624999642372131
8550,23.474557876586914,0.061500001698732376
8560,23.76346778869629,0.0637499988079071
8570,22.059707641601562,0.06825000047683716
8580,23.455751419067383,0.0677499994635582
8590,23.846904754638672,0.07000000029802322
8600,23.961668014526367,0.05899999663233757
8610,23.969924926757812,0.06650000065565109
8620,24.48593521118164,0.06350000202655792
8630,24.931686401367188,0.06300000101327896
8640,24.521121978759766,0.06650000810623169
8650,23.070077896118164,0.06450000405311584
8660,23.084016799926758,0.06525000184774399
8670,24.181867599487305,0.06475000083446503
8680,24.08949851989746,0.06525000184774399
8690,24.706310272216797,0.06575001031160355
8700,23.638042449951172,0.06650000810623169
8710,21.96236228942871,0.06300000101327896
8720,24.818716049194336,0.06200000271201134
